category,seed,fraction,n_fit,method,image_auroc,image_ap,precision,recall,f1,test_fpr,threshold,calibration_fpr,tn,fp,fn,tp,pixel_auroc,pixel_ap,fit_seconds,calibration_plus_test_prediction_seconds
bottle,42,1.0,146,global_nn,0.9912698412698413,0.9971923726103049,0.9824561403508771,0.8888888888888888,0.9333333333333333,0.05,0.16482475399971008,0.03125,19,1,7,56,,,0.007744266999907268,0.0575519980000081
bottle,42,1.0,146,autoencoder,0.719047619047619,0.913305938214221,1.0,0.5238095238095238,0.6875,0.0,0.14477378129959106,0.03125,20,0,30,33,0.7016852647021907,0.15806322451492033,169.1731997930001,4.821046948000003
bottle,42,1.0,146,patchcore_inspired,1.0,0.9999999999999998,1.0,1.0,1.0,0.0,1.7283295392990112,0.03125,20,0,0,63,0.9799033720794194,0.7009889419630025,0.08895499499976722,0.14229819100000896
metal_nut,42,1.0,154,global_nn,0.760019550342131,0.9351690134391597,0.9423076923076923,0.5268817204301075,0.6758620689655173,0.13636363636363635,0.24554285407066345,0.030303030303030304,19,3,44,49,,,0.0005420690004029893,0.0015598370000589057
metal_nut,42,1.0,154,autoencoder,0.2956989247311828,0.7068849970385581,0.5,0.021505376344086023,0.041237113402061855,0.09090909090909091,0.16235707700252533,0.030303030303030304,20,2,91,2,0.7173971895406157,0.19069367506960883,149.6960619460001,4.758127565999985
metal_nut,42,1.0,154,patchcore_inspired,0.9750733137829911,0.9947737455049477,0.9775280898876404,0.9354838709677419,0.9560439560439561,0.09090909090909091,2.2795908451080322,0.030303030303030304,20,2,6,87,0.9715042461904629,0.8400813697172933,0.07569597100018655,0.16122486900030708
tile,42,1.0,161,global_nn,0.9700577200577201,0.9897388197544086,0.9871794871794872,0.9166666666666666,0.9506172839506173,0.030303030303030304,0.28973260521888733,0.02857142857142857,32,1,7,77,,,0.0005363939999369904,0.0013784470002065063
tile,42,1.0,161,autoencoder,0.8253968253968254,0.9336777066666511,1.0,0.42857142857142855,0.6,0.0,0.19485491514205933,0.02857142857142857,33,0,48,36,0.515487529049951,0.19953609345041046,105.26401360599993,7.044497467999918
tile,42,1.0,161,patchcore_inspired,0.9981962481962482,0.9993311931514177,0.9880952380952381,0.9880952380952381,0.9880952380952381,0.030303030303030304,1.6989154815673828,0.02857142857142857,32,1,1,83,0.9383721069779887,0.40926787340919296,0.0964938499996606,0.16417387299998154
