category,seed,fraction,n_fit,epoch,train_mse,validation_mse
bottle,42,1.0,146,1,0.13069641773831353,0.128065031863028
bottle,42,1.0,146,2,0.10849417103071736,0.07242435649518043
bottle,42,1.0,146,3,0.05388806030562479,0.030328732644838673
bottle,42,1.0,146,4,0.029826080936887493,0.017339280055415247
bottle,42,1.0,146,5,0.01632307575734919,0.014216441661119461
bottle,42,1.0,146,6,0.011344654472825462,0.009991009719669819
bottle,42,1.0,146,7,0.008544102151661294,0.00769163683177002
bottle,42,1.0,146,8,0.006795993419236516,0.005976522461541237
bottle,42,1.0,146,9,0.005455768003753603,0.004864532921102739
bottle,42,1.0,146,10,0.004537120582663441,0.004097124035920828
bottle,42,1.0,146,11,0.0038860220691725,0.0036193328729319956
bottle,42,1.0,146,12,0.003488477609719928,0.003636435898501546
bottle,42,1.0,146,13,0.0033667390617503697,0.0032026951441601397
bottle,42,1.0,146,14,0.003085170189964853,0.0031379830663002305
bottle,42,1.0,146,15,0.0030011398564666917,0.0028712434333658986
bottle,42,1.0,146,16,0.0028904275235094846,0.0030973620727778443
bottle,42,1.0,146,17,0.002917122813451984,0.002778454248102442
bottle,42,1.0,146,18,0.0027096598721683433,0.0026733854695433572
bottle,42,1.0,146,19,0.002746567885991033,0.002776702257594274
bottle,42,1.0,146,20,0.002654780369022325,0.0027219009089974626
metal_nut,42,1.0,154,1,0.10786395510295768,0.09045555103908885
metal_nut,42,1.0,154,2,0.07264842194589702,0.05281191443403562
metal_nut,42,1.0,154,3,0.03401705801680491,0.019384596779039413
metal_nut,42,1.0,154,4,0.018427022793269777,0.015937412863202167
metal_nut,42,1.0,154,5,0.014266479990215271,0.012427644296125933
metal_nut,42,1.0,154,6,0.011526596490535643,0.010798392902043734
metal_nut,42,1.0,154,7,0.009721105458674493,0.008535337606162735
metal_nut,42,1.0,154,8,0.008289616458214723,0.008090168251797106
metal_nut,42,1.0,154,9,0.0076129847363411605,0.007258876763058432
metal_nut,42,1.0,154,10,0.006758800441665309,0.0063463610342957754
metal_nut,42,1.0,154,11,0.0059445124458182945,0.0056341418460237255
metal_nut,42,1.0,154,12,0.00532385159598349,0.005089647291849057
metal_nut,42,1.0,154,13,0.00489446794759337,0.0046813893625794935
metal_nut,42,1.0,154,14,0.004501600405080365,0.0044289314766612015
metal_nut,42,1.0,154,15,0.004186153659814751,0.004142370300762581
metal_nut,42,1.0,154,16,0.003951655002310872,0.003888604273511605
metal_nut,42,1.0,154,17,0.003813793108641327,0.0037161084456425724
metal_nut,42,1.0,154,18,0.0036496672228994694,0.003584411016411402
metal_nut,42,1.0,154,19,0.0035260527987371793,0.00349123593222237
metal_nut,42,1.0,154,20,0.0033842189382616576,0.003334347638442661
tile,42,1.0,161,1,0.018212727427204943,0.016577012069961605
tile,42,1.0,161,2,0.01608072741315787,0.015403373824322926
tile,42,1.0,161,3,0.015317090220101501,0.01521493845126208
tile,42,1.0,161,4,0.015083370325358017,0.014997087747735135
tile,42,1.0,161,5,0.01493093240080598,0.014777817051200307
tile,42,1.0,161,6,0.014571923918744421,0.01429832014529144
tile,42,1.0,161,7,0.013894618980540252,0.014878716210232061
tile,42,1.0,161,8,0.015697738786245356,0.015578319482943592
tile,42,1.0,161,9,0.015118095271798394,0.015011945739388466
tile,42,1.0,161,10,0.015003968001291248,0.014977625078138183
